Date,Open,High,Low,Close,Volume
2015/11/25,107.510002,107.660004,107.25,107.470001,1820300
2015/11/27,107.589996,107.760002,107.220001,107.629997,552400
2015/11/30,107.779999,107.849998,107.110001,107.169998,3618100
2015/12/1,107.589996,108.209999,107.370003,108.18,2443600
2015/12/2,108.099998,108.269997,106.879997,107.050003,2937200
2015/12/3,107.290001,107.480003,105.059998,105.449997,3345600
2015/12/4,105.809998,107.540001,105.620003,107.389999,4520000
2015/12/7,107.230003,107.269997,106.059998,106.550003,3000500
2015/12/8,105.940002,106.400002,105.269997,105.910004,3149600
2015/12/9,105.550003,106.75,104.480003,105,4179800
2015/12/10,105.18,106.059998,104.919998,105.309998,3684900
2015/12/11,104.169998,104.43,103.07,103.239998,5100700
2015/12/14,103.360001,103.720001,102.18,103.610001,7216200
2015/12/15,104.440002,105.190002,104.360001,104.720001,2918000
2015/12/16,105.459999,106.419998,104.699997,106.239998,5972400
2015/12/17,106.440002,106.470001,104.68,104.68,4939900
2015/12/18,104.169998,104.360001,102.900002,102.900002,4207700
2015/12/21,103.190002,103.279999,102.370003,103.129997,3240700
2015/12/22,103.650002,104.260002,103.040001,104.059998,2875300
2015/12/23,104.629997,105.400002,104.510002,105.360001,3342300
2015/12/24,105.220001,105.599998,105.080002,105.230003,1460500
2015/12/28,104.879997,105,104.32,105,3479600
2015/12/29,105.690002,106.239998,105.540001,106.120003,2508300
2015/12/30,105.959999,106,105.25,105.32,2405900
2015/12/31,104.93,105.32,104.300003,104.300003,3652200
2016/1/4,102.580002,102.949997,101.580002,102.739998,6138300
2016/1/5,102.900002,103.18,102.300003,102.970001,3652300
2016/1/6,101.529999,102.230003,100.949997,101.589996,3732800
2016/1/7,99.900002,100.800003,98.870003,99.099998,9256200
2016/1/8,99.610001,99.989998,97.779999,97.970001,7015800
2016/1/11,98.550003,98.669998,96.779999,97.910004,6862800
2016/1/12,98.800003,99.169998,97.279999,98.580002,4457300
2016/1/13,99,99.199997,95.779999,96.040001,6163000
2016/1/14,96.360001,98.18,95.330002,97.510002,5085100
2016/1/15,95.050003,95.879997,94.220001,95.459999,8101700
2016/1/19,96.57,96.669998,94.5,95.360001,7435700
2016/1/20,94,95.269997,91.790001,94.419998,13844900
2016/1/21,94.699997,95.959999,93.82,94.790001,7169500
2016/1/22,96.330002,96.889999,95.949997,96.809998,3701500
2016/1/25,96.639999,96.650002,95.110001,95.220001,4470500
2016/1/26,95.599998,96.82,95.440002,96.669998,3331400
2016/1/27,96.400002,97.32,95.050003,95.57,5202400
2016/1/28,96.559998,96.660004,95.050003,95.949997,4540700
2016/1/29,96.449997,98.360001,96.349998,98.330002,5005400
2016/2/1,97.75,98.809998,97.370003,98.349998,3868900
2016/2/2,97.5,97.550003,96.160004,96.449997,3279600
2016/2/3,97.089996,97.290001,94.889999,97.029999,5457300
2016/2/4,96.790001,97.919998,96.470001,97.260002,3431800
2016/2/5,96.940002,97,94.949997,95.260002,3993600
2016/2/8,94.199997,94.379997,92.5,93.779999,6303900
2016/2/9,92.839996,94.470001,92.699997,93.660004,4793900
2016/2/10,94.190002,95.269997,93.620003,93.720001,3580000
2016/2/11,92.389999,93.059998,91.580002,92.559998,7239700
2016/2/12,93.470001,94.379997,93.010002,94.360001,2948100
2016/2/16,95.620003,96.089996,94.959999,96.080002,3577700
2016/2/17,96.769997,97.93,96.589996,97.669998,3635000
2016/2/18,97.900002,97.919998,97.089996,97.279999,2432100
2016/2/19,96.849998,97.360001,96.43,97.300003,2243700
2016/2/22,98.239998,98.800003,98.110001,98.720001,2235400
2016/2/23,98.379997,98.519997,97.470001,97.529999,3203900
2016/2/24,96.580002,98.139999,95.989998,98.029999,3253400
2016/2/25,98.269997,99.190002,97.82,99.190002,2942600
2016/2/26,99.669998,99.760002,98.959999,99.110001,3194300
2016/2/29,99.120003,99.690002,98.32,98.32,2749400
2016/3/1,99.129997,100.68,98.839996,100.660004,2955700
2016/3/2,100.519997,101.239998,100.260002,101.220001,3591400
2016/3/3,101.129997,101.75,100.849998,101.720001,2703100
2016/3/4,101.889999,102.599998,101.400002,102.07,2442100
2016/3/7,101.650002,102.559998,101.559998,102.279999,2963900
2016/3/8,101.730003,101.800003,100.910004,101.010002,3436900
2016/3/9,101.5,101.699997,100.980003,101.5,2131700
2016/3/10,101.800003,102.300003,100.400002,101.470001,3702000
2016/3/11,102.370003,103.239998,102.330002,103.190002,3253500
2016/3/14,102.879997,103.32,102.690002,103.07,2987100
2016/3/15,102,102.260002,101.760002,102.239998,2992400
2016/3/16,101.989998,103.089996,101.910004,102.879997,3473600
2016/3/17,102.870003,103.919998,102.599998,103.669998,3472500
2016/3/18,103.949997,104.279999,103.800003,104.129997,2942300
2016/3/21,103.980003,104.360001,103.800003,104.230003,2539300
2016/3/22,103.75,104.519997,103.610001,104.199997,1962600
2016/3/23,104.040001,104.040001,103.279999,103.349998,6087100
2016/3/24,102.760002,103.330002,102.529999,103.32,2173000
2016/3/28,103.580002,103.709999,103.07,103.389999,2103400
2016/3/29,103.190002,104.550003,102.959999,104.540001,2920300
2016/3/30,105.040001,105.389999,104.730003,104.940002,2258800
2016/3/31,104.970001,105.220001,104.699997,104.82,2230100
2016/4/1,104.300003,105.57,103.949997,105.480003,2996000
2016/4/4,105.489998,105.550003,104.889999,105.040001,1847400
2016/4/5,104.309998,104.550003,103.870003,104.019997,2572500
2016/4/6,104.089996,105.199997,103.900002,105.160004,2565100
2016/4/7,104.5,104.739998,103.440002,103.900002,2134800
2016/4/8,104.57,104.900002,103.910004,104.199997,2337000
2016/4/11,104.650002,105.050003,103.910004,103.910004,2276300
2016/4/12,104.099998,105.099998,103.779999,104.919998,2357200
2016/4/13,105.5,106.169998,105.43,106.150002,2864500
2016/4/14,106.239998,106.389999,105.900002,106.110001,1666900
2016/4/15,106.120003,106.190002,105.870003,106.059998,1622600
2016/4/18,105.739998,106.790001,105.610001,106.769997,1764600
2016/4/19,107.019997,107.309998,106.610001,107.07,2103700
2016/4/20,107.209999,107.639999,106.830002,107.18,1958900
2016/4/21,107.260002,107.330002,106.480003,106.650002,1675200
2016/4/22,106.510002,106.93,106.239998,106.800003,1893600
2016/4/25,106.5,106.589996,106.059998,106.540001,2088100
2016/4/26,106.779999,107.050003,106.440002,106.830002,1747500
2016/4/27,106.660004,107.330002,106.419998,107.089996,2267900
2016/4/28,106.629997,107.300003,105.870003,106.129997,4834200
2016/4/29,105.800003,105.959999,104.809998,105.510002,3068000
2016/5/2,105.800003,106.400002,105.470001,106.330002,2546500
2016/5/3,105.620003,105.68,104.82,105.260002,5172600
2016/5/4,104.760002,105.169998,104.370003,104.639999,2578800
2016/5/5,104.949997,105.169998,104.370003,104.599998,1616700
2016/5/6,104.139999,104.989998,104,104.980003,1759600
2016/5/9,104.870003,105.339996,104.769997,105.089996,1747300
2016/5/10,105.5,106.400002,105.410004,106.339996,2400200
2016/5/11,106.089996,106.290001,105.339996,105.370003,1531600
2016/5/12,105.82,105.879997,104.720001,105.330002,2470000
2016/5/13,105.080002,105.480003,104.220001,104.419998,3754800
2016/5/16,104.580002,105.75,104.410004,105.459999,2069600
2016/5/17,105.260002,105.459999,104.160004,104.510002,2792200
2016/5/18,104.260002,105.199997,103.82,104.5,2798600
2016/5/19,104.080002,104.360001,103.370003,104.089996,2616800
2016/5/20,104.540001,105.139999,104.449997,104.889999,2005700
2016/5/23,104.919998,105.120003,104.660004,104.760002,1662200
2016/5/24,105.220001,106.370003,105.220001,106.160004,2409000
2016/5/25,106.510002,107.139999,106.510002,106.93,3266500
2016/5/26,107.019997,107.139999,106.730003,106.910004,1800100
2016/5/27,106.970001,107.389999,106.949997,107.389999,1691400
2016/5/31,107.57,107.690002,106.959999,107.339996,2570700
2016/6/1,107,107.699997,106.800003,107.629997,2679600
2016/6/2,107.400002,107.989998,107.110001,107.989998,2112700
2016/6/3,107.779999,107.870003,106.940002,107.690002,2502500
2016/6/6,107.839996,108.459999,107.800003,108.25,1782300
2016/6/7,108.389999,108.809998,108.32,108.459999,1271500
2016/6/8,108.610001,108.93,108.5,108.839996,1286500
2016/6/9,108.449997,108.730003,108.220001,108.620003,1743400
2016/6/10,107.779999,107.919998,107.160004,107.5,1666400
2016/6/13,107.150002,107.68,106.589996,106.610001,2378800
2016/6/14,105.900002,106.330002,105.360001,105.949997,2170100
2016/6/15,106.190002,106.599998,105.739998,105.839996,1841500
2016/6/16,105.300003,106.18,104.699997,106.150002,1884300
2016/6/17,106.120003,106.120003,105.389999,105.800003,1713000
2016/6/20,106.93,107.389999,106.459999,106.519997,2402900
2016/6/21,106.800003,106.989998,106.389999,106.75,2248300
2016/6/22,106.800003,107.279999,106.440002,106.510002,2002700
2016/6/23,107.419998,108,107.139999,107.980003,1622300
2016/6/24,104.120003,105.940002,103.860001,104.050003,7370400
2016/6/27,103.220001,103.230003,101.510002,101.980003,5213600
2016/6/28,103.080002,103.860001,102.830002,103.849998,7569500
2016/6/29,104.68,105.830002,104.650002,105.709999,2635700
2016/6/30,106.010002,107.199997,105.620003,107.160004,5552300
2016/7/1,107.160004,107.75,107.07,107.370003,2938000
2016/7/5,106.940002,107,106.139999,106.57,3019900
2016/7/6,106.199997,107.260002,105.879997,107.220001,1767700
2016/7/7,107.370003,107.769997,106.75,107.169998,1669800
2016/7/8,107.910004,108.989998,107.860001,108.839996,2362200
2016/7/11,109.190002,109.620003,109,109.290001,3868300
2016/7/12,109.879997,110.400002,109.68,110.199997,3222800
2016/7/13,110.43,110.5,109.809998,110.139999,1485700
2016/7/14,110.720001,110.989998,110.459999,110.669998,1561100
2016/7/15,110.889999,110.970001,110.290001,110.550003,1385500
2016/7/18,110.650002,110.93,110.440002,110.860001,1359900
2016/7/19,110.620003,110.75,110.400002,110.639999,3154100
2016/7/20,110.68,111.330002,110.660004,111.230003,1135900
2016/7/21,111.18,111.290001,110.519997,110.790001,3393400
2016/7/22,110.900002,111.360001,110.709999,111.32,3546700
2016/7/25,111.239998,111.269997,110.690002,111.029999,1394200
2016/7/26,111.059998,111.339996,110.629997,111.150002,1432300
2016/7/27,111.410004,111.419998,110.559998,111.019997,1976800
2016/7/28,110.889999,111.379997,110.660004,111.160004,1945800
2016/7/29,111.089996,111.620003,110.82,111.419998,1638200
2016/8/1,111.400002,111.669998,111,111.269997,2093200
2016/8/2,111.190002,111.230003,109.949997,110.43,2473900
2016/8/3,110.389999,110.860001,110.209999,110.839996,1353600
2016/8/4,110.849998,111.18,110.690002,110.970001,1113600
2016/8/5,111.419998,111.919998,111.32,111.889999,1379600
2016/8/8,111.989998,112.120003,111.690002,111.82,1238800
2016/8/9,111.940002,112.18,111.75,111.919998,1032500
2016/8/10,111.940002,112.050003,111.419998,111.589996,1259100
2016/8/11,111.980003,112.260002,111.730003,112.150002,1378000
2016/8/12,111.970001,112.169998,111.760002,112.040001,1542900
2016/8/15,112.290001,112.639999,112.07,112.449997,1442800
2016/8/16,112.230003,112.239998,111.809998,111.809998,1228600
2016/8/17,111.839996,112.029999,111.269997,111.949997,2791500
2016/8/18,111.919998,112.300003,111.709999,112.300003,972100
2016/8/19,112,112.230003,111.730003,112.139999,1000600
2016/8/22,112.040001,112.25,111.769997,112.169998,1102000
2016/8/23,112.480003,112.779999,112.440002,112.470001,3252300
2016/8/24,112.43,112.459999,111.589996,111.839996,2267800
2016/8/25,111.699997,112.07,111.550003,111.769997,1205200
2016/8/26,111.870003,112.550003,111.050003,111.540001,1851100
2016/8/29,111.720001,112.330002,111.699997,112.150002,1069600
2016/8/30,112.160004,112.300003,111.660004,111.970001,1534600
2016/8/31,111.879997,111.900002,111.199997,111.650002,1393700
2016/9/1,111.769997,111.889999,110.970001,111.709999,1670900
2016/9/2,112.190002,112.510002,111.919998,112.279999,1563200
2016/9/6,112.459999,112.620003,112.019997,112.599998,4111700
2016/9/7,112.540001,112.75,112.290001,112.75,1590000
2016/9/8,112.57,112.669998,112.260002,112.459999,1152400
2016/9/9,111.720001,111.730003,109.650002,109.660004,3337400
2016/9/12,109.190002,111.400002,109.050003,111.190002,3043500
2016/9/13,109.949997,110.010002,108.57,108.919998,5122100
2016/9/14,109.050003,109.709999,108.610001,108.93,2041600
2016/9/15,108.860001,110.25,108.739998,110.050003,2960400
2016/9/16,109.75,109.769997,109.220001,109.610001,2779400
2016/9/19,110.190002,110.5,109.519997,109.769997,3430200
2016/9/20,110.290001,110.330002,109.690002,109.720001,1603400
2016/9/21,110.110001,111.080002,109.709999,110.980003,1971800
2016/9/22,111.629997,111.919998,111.529999,111.790001,1525300
2016/9/23,111.589996,111.68,111.110001,111.150002,1531900
2016/9/26,110.639999,110.870003,110.209999,110.269997,2136700
2016/9/27,110.230003,110.949997,109.989998,110.900002,1292400
2016/9/28,111.059998,111.599998,110.459999,111.550003,1439800
2016/9/29,111.480003,111.620003,110.169998,110.459999,2037100
2016/9/30,110.970001,111.709999,110.75,111.330002,1722500
2016/10/3,111.089996,111.230003,110.629997,110.989998,2207600
2016/10/4,111.120003,111.220001,110.099998,110.489998,2701100
2016/10/5,110.779999,111.220001,110.589996,110.919998,2119000
2016/10/6,110.75,111.089996,110.389999,110.959999,1067600
2016/10/7,111.150002,111.230003,110.059998,110.540001,1770400
2016/10/10,110.540001,111.440002,110.540001,111.139999,1135000
2016/10/11,110.940002,110.949997,109.239998,109.660004,1996900
2016/10/12,109.779999,110.129997,109.459999,109.790001,1849100
2016/10/13,109.010002,109.720001,108.480003,109.400002,1986200
2016/10/14,110,110.32,109.360001,109.370003,2673900
2016/10/17,109.379997,109.540001,108.940002,109.059998,2507700
2016/10/18,109.919998,110.029999,109.5,109.699997,1634200
2016/10/19,109.940002,110.25,109.620003,110.050003,1408200
2016/10/20,109.900002,110.169998,109.419998,109.839996,2017000
2016/10/21,109.410004,109.900002,109.199997,109.800003,1234400
2016/10/24,110.389999,110.599998,110.129997,110.349998,2004700
2016/10/25,110.25,110.330002,109.790001,109.879997,2079100
2016/10/26,109.470001,109.970001,109.260002,109.550003,1827200
2016/10/27,110,110,109.080002,109.18,1597800
2016/10/28,109.110001,109.559998,108.470001,108.82,2868100
2016/10/31,109.050003,109.209999,108.809998,108.889999,1913600
2016/11/1,109.099998,109.190002,107.389999,108.080002,3169800
2016/11/2,107.870003,108.080002,107.110001,107.330002,2957400
2016/11/3,107.419998,107.629997,106.709999,106.860001,2096400
2016/11/4,106.889999,107.510002,106.690002,106.790001,2805400
2016/11/7,108.410004,109.169998,108.209999,109.150002,2527700
2016/11/8,109.010002,109.989998,108.730003,109.620003,2073500
2016/11/9,108.769997,111.330002,108.5,110.980003,6482000
2016/11/10,111.589996,112.129997,110.480003,111.370003,5083500
2016/11/11,111,111.510002,110.690002,111.410004,4005200
2016/11/14,111.779999,112.050003,111.290001,111.699997,5234000
2016/11/15,112.040001,112.599998,111.760002,112.57,6037200
2016/11/16,112.370003,112.529999,112.139999,112.410004,4057400
2016/11/17,112.529999,113.040001,112.349998,112.980003,1874800
2016/11/18,113.050003,113.120003,112.669998,112.769997,2298200
2016/11/21,113.120003,113.629997,112.870003,113.620003,2493900
2016/11/22,113.879997,114.040001,113.440002,113.949997,2673200
2016/11/23,113.720001,114.120003,113.489998,114.110001,1818700
2016/11/25,114.349998,114.550003,114.209999,114.550003,889800
2016/11/28,114.32,114.410004,113.800003,113.889999,1849800
2016/11/29,113.900002,114.349998,113.68,114.050003,1544200
2016/11/30,114.470001,114.550003,113.779999,113.779999,4406200
2016/12/1,114.029999,114.029999,113.07,113.309998,2601100
2016/12/2,113.339996,113.669998,113.150002,113.309998,1755900
2016/12/5,113.900002,114.370003,113.769997,114.099998,3842900
2016/12/6,114.339996,114.709999,114.019997,114.68,2357100
2016/12/7,114.629997,116.190002,114.510002,116.099998,4000000
2016/12/8,116.18,116.849998,115.970001,116.519997,2679400
2016/12/9,116.769997,117.150002,116.620003,117.150002,2310200
2016/12/12,117.120003,117.349998,116.589996,116.849998,4224500
2016/12/13,117.300003,117.790001,117.129997,117.529999,4393900
2016/12/14,117.480003,117.730003,116.230003,116.470001,3885400
2016/12/15,116.559998,117.529999,116.5,116.949997,3343100
2016/12/16,117.269997,117.379997,116.589996,116.769997,1991600
2016/12/19,116.959999,117.32,116.800003,117.099998,2405700
2016/12/20,116.879997,116.93,116.599998,116.870003,2942400
2016/12/21,116.870003,116.919998,116.540001,116.540001,2248600
2016/12/22,116.419998,116.510002,115.980003,116.239998,3105800
2016/12/23,116.230003,116.419998,116.129997,116.419998,2325300
2016/12/27,116.57,116.989998,116.5,116.709999,3386800
2016/12/28,116.879997,116.93,115.660004,115.739998,2591000
2016/12/29,115.739998,116.029999,115.470001,115.75,1622700
2016/12/30,116,116,114.959999,115.32,2909900
2017/1/3,116.150002,116.550003,115.489998,116.199997,2731600
2017/1/4,116.470001,117.190002,116.419998,117.089996,3228700
2017/1/5,116.949997,117.089996,116.400002,116.860001,2604000
2017/1/6,117.019997,117.519997,116.639999,117.230003,2317600
2017/1/9,117.099998,117.139999,116.739998,116.779999,2461400
2017/1/10,116.760002,117.360001,116.620003,116.870003,2055300
2017/1/11,116.910004,117.239998,116.489998,117.239998,2751800
2017/1/12,117.040001,117.040001,116.010002,116.93,2342300
2017/1/13,116.989998,117.400002,116.980003,117.220001,2031800
2017/1/17,116.860001,117.059998,116.470001,116.699997,2583600
2017/1/18,116.800003,117,116.480003,116.970001,1901700
2017/1/19,117.029999,117.139999,116.239998,116.510002,1899300
2017/1/20,116.839996,117.230003,116.589996,116.910004,2636100
2017/1/23,116.75,116.970001,116.169998,116.599998,1938900
2017/1/24,116.82,117.739998,116.739998,117.510002,2165400
2017/1/25,118.019997,118.559998,117.940002,118.519997,2427800
2017/1/26,118.559998,118.620003,118.230003,118.349998,2178500
2017/1/27,118.449997,118.480003,118.019997,118.160004,1479500
2017/1/30,117.730003,117.800003,116.68,117.360001,3006100
2017/1/31,117,117.459999,116.730003,117.459999,3309700
2017/2/1,117.860001,118.040001,117.07,117.449997,2614500
2017/2/2,117.209999,117.720001,117.019997,117.529999,1745200
2017/2/3,117.989998,118.519997,117.919998,118.419998,1837600
2017/2/6,118.260002,118.410004,117.940002,118.139999,1598800
2017/2/7,118.43,118.529999,117.959999,118.129997,3365700
2017/2/8,118.129997,118.32,117.690002,118.260002,1836000
2017/2/9,118.260002,119.209999,118.260002,119.040001,1635300
2017/2/10,119.290001,119.699997,119.209999,119.540001,1837800
2017/2/13,119.919998,120.330002,119.870003,120.139999,1985500
2017/2/14,120.099998,120.629997,119.849998,120.580002,2051200
2017/2/15,120.57,121.349998,120.449997,121.239998,1998200
2017/2/16,121.25,121.370003,120.639999,121.129997,2034600
2017/2/17,120.660004,121.309998,120.660004,121.309998,1948400
2017/2/21,121.550003,122.129997,121.389999,122.029999,2422800
2017/2/22,121.82,122.029999,121.68,121.870003,1974000
2017/2/23,122.209999,122.230003,121.32,121.779999,2024900
2017/2/24,121.379997,121.989998,121.239998,121.980003,2962900
2017/2/27,121.919998,122.360001,121.739998,122.25,2625100
2017/2/28,122.18,122.18,121.610001,121.800003,2231800
2017/3/1,122.809998,123.730003,122.650002,123.440002,2874400
2017/3/2,123.419998,123.419998,122.610001,122.650002,2421400
2017/3/3,122.629997,122.800003,122.330002,122.75,1651200
2017/3/6,122.480003,122.480003,121.900002,122.269997,1716200
2017/3/7,122.209999,122.290001,121.75,121.879997,1612500
2017/3/8,121.989998,122.18,121.470001,121.540001,2374200
2017/3/9,121.599998,121.889999,121.019997,121.599998,3852800
2017/3/10,122.190002,122.25,121.459999,122.040001,2987300
2017/3/13,122.059998,122.160004,121.860001,122.129997,2003900
2017/3/14,121.870003,121.870003,121.239998,121.690002,2269500
2017/3/15,121.980003,123.040001,121.889999,122.790001,1892200
2017/3/16,122.959999,123,122.43,122.639999,2050100
2017/3/17,122.839996,122.879997,122.449997,122.57,1974000
2017/3/20,122.510002,122.620003,122.07,122.279999,3239900
2017/3/21,122.690002,122.720001,120.440002,120.57,3355100
2017/3/22,120.480003,120.910004,120.099998,120.730003,2896300
2017/3/23,120.660004,121.389999,120.470001,120.690002,2257100
2017/3/24,120.419998,120.739998,119.660004,120.160004,2305400
2017/3/27,119.18,120.190002,118.889999,120.019997,2927700
2017/3/28,119.959999,121.139999,119.779999,120.860001,2699200
2017/3/29,120.879997,121.230003,120.580002,121.080002,3196500
2017/3/30,121.139999,121.620003,120.989998,121.529999,2076900
2017/3/31,121.419998,121.720001,121.260002,121.32,1815900
2017/4/3,121.449997,121.5,120.330002,121.019997,3103100
2017/4/4,120.889999,121.110001,120.639999,121.080002,2462600
2017/4/5,121.489998,122.019997,120.440002,120.589996,3905800
2017/4/6,120.690002,121.260002,120.379997,120.970001,2056100
2017/4/7,120.839996,121.290001,120.589996,120.879997,1997000
2017/4/10,121.040001,121.510002,120.699997,121.029999,1669500
2017/4/11,120.870003,121,120.059998,120.989998,2895500
2017/4/12,120.879997,120.989998,120.230003,120.370003,1967200
2017/4/13,120.150002,120.559998,119.550003,119.550003,2852200
2017/4/17,119.879997,120.610001,119.68,120.589996,3198700
2017/4/18,120.199997,120.57,119.849998,120.330002,1865800
2017/4/19,120.720001,120.919998,120.080002,120.230003,1806900
2017/4/20,120.589996,121.43,120.370003,121.220001,1783400
2017/4/21,121.209999,121.209999,120.610001,120.830002,2006500
2017/4/24,122.169998,122.279999,121.879997,122.110001,2178800
2017/4/25,122.559998,123.089996,122.519997,122.870003,2145200
2017/4/26,122.900002,123.449997,122.849998,122.900002,3080100
2017/4/27,123.120003,123.209999,122.690002,123.019997,1868200
2017/4/28,123.160004,123.209999,122.550003,122.610001,1794700
2017/5/1,122.93,123.190002,122.620003,122.93,1983100
2017/5/2,123.089996,123.25,122.699997,122.93,1756900
2017/5/3,122.589996,122.779999,122.279999,122.629997,3691000
2017/5/4,122.830002,122.830002,122.160004,122.720001,1564300
2017/5/5,122.949997,123.330002,122.68,123.330002,2057700
2017/5/8,123.360001,123.449997,122.900002,123.139999,2150900
2017/5/9,123.360001,123.43,122.849998,123.099998,1846200
2017/5/10,123.089996,123.379997,122.93,123.370003,1468500
2017/5/11,123.019997,123.129997,122.330002,123.010002,1499600
2017/5/12,122.910004,122.910004,122.599998,122.769997,1235300
2017/5/15,123.07,123.589996,123.040001,123.43,3097000
2017/5/16,123.629997,123.650002,123.07,123.360001,2128400
2017/5/17,122.309998,122.559998,121.07,121.139999,3703500
2017/5/18,120.940002,122.019997,120.849998,121.5,2883400
2017/5/19,121.910004,122.769997,121.82,122.370003,2144200
2017/5/22,122.669998,123.099998,122.639999,123.019997,1810100
2017/5/23,123.25,123.389999,122.949997,123.230003,1796600
2017/5/24,123.440002,123.660004,123.230003,123.589996,1552200
2017/5/25,123.900002,124.269997,123.790001,124.110001,1492300
2017/5/26,124,124.150002,123.93,124.089996,1320800
2017/5/30,123.870003,124.059998,123.709999,123.889999,1348300
2017/5/31,124.010002,124.089996,123.309998,123.849998,2043800
2017/6/1,124.169998,125,123.959999,125,1926700
2017/6/2,125.089996,125.580002,124.870003,125.410004,2839300
2017/6/5,125.419998,125.5,125.220001,125.25,1494200
2017/6/6,124.959999,125.290001,124.779999,124.93,2985200
2017/6/7,125.120003,125.239998,124.68,125.07,1253300
2017/6/8,125.120003,125.529999,124.879997,125.290001,1826700
2017/6/9,125.480003,126.019997,124.449997,125.190002,2585600
2017/6/12,125.059998,125.199997,124.629997,125.169998,1973500
2017/6/13,125.519997,125.839996,125.32,125.790001,1567400
2017/6/14,126,126.019997,125.099998,125.610001,2584300
2017/6/15,124.769997,125.349998,124.629997,125.330002,2483500
2017/6/16,125.419998,125.529999,124.739998,125.25,2018000
2017/6/19,125.669998,126.349998,125.669998,126.269997,1816100
2017/6/20,126.160004,126.169998,125.400002,125.410004,1359500
2017/6/21,125.110001,125.199997,124.510002,124.690002,3364600
2017/6/22,124.779999,125.080002,124.589996,124.739998,1639300
2017/6/23,124.809998,125.190002,124.580002,125.050003,1829300
2017/6/26,125.449997,125.690002,124.949997,125.139999,2605600
2017/6/27,125.089996,125.230003,124.099998,124.110001,2386300
2017/6/28,124.769997,125.410004,124.589996,125.279999,2444400
2017/6/29,125.459999,125.480003,123.480003,124.279999,2354500
2017/6/30,124.760002,124.900002,124.300003,124.449997,1910000
2017/7/3,124.989998,125.300003,124.75,124.75,1645700
2017/7/5,124.980003,125.019997,124.389999,124.889999,2167500
2017/7/6,124.440002,124.550003,123.559998,123.660004,1881800
2017/7/7,123.959999,124.620003,123.900002,124.519997,1709700
2017/7/10,124.5,124.830002,124.360001,124.610001,1404700
2017/7/11,124.529999,124.730003,123.830002,124.580002,1560200
2017/7/12,125.199997,125.629997,125.099998,125.470001,1993100
2017/7/13,125.559998,125.760002,125.309998,125.669998,1514100
2017/7/14,125.769997,126.5,125.650002,126.230003,1410900
2017/7/17,126.279999,126.449997,126.120003,126.230003,1798400
2017/7/18,126.110001,126.330002,125.779999,126.309998,2010000
2017/7/19,126.510002,127.050003,126.510002,127.040001,1276400
2017/7/20,127.279999,127.279999,126.800003,127.120003,1463800
2017/7/21,126.809998,126.989998,126.639999,126.949997,1819500
2017/7/24,126.910004,127.059998,126.690002,126.959999,4897700
2017/7/25,127.510002,127.57,127.199997,127.379997,1709400
2017/7/26,127.550003,127.599998,127.169998,127.290001,1624400
2017/7/27,127.580002,127.580002,126.309998,127.07,1707800
2017/7/28,126.779999,126.959999,126.540001,126.860001,1651800
2017/7/31,127.110001,127.18,126.620003,126.790001,1496600
2017/8/1,127.18,127.209999,126.800003,127.050003,1790600
2017/8/2,127.139999,127.139999,126.370003,126.93,2929400
2017/8/3,126.900002,126.910004,126.519997,126.639999,2582500
2017/8/4,127,127.07,126.699997,126.910004,972400
2017/8/7,127.059998,127.18,126.879997,127.160004,1114700
2017/8/8,127.050003,127.720001,126.610001,126.809998,1360300
2017/8/9,126.349998,126.690002,126.169998,126.669998,1679900
2017/8/10,126.139999,126.209999,124.800003,124.809998,2455300
2017/8/11,124.940002,125.330002,124.800003,125.040001,2039100
2017/8/14,125.800003,126.43,125.610001,126.32,1467400
2017/8/15,126.610001,126.629997,126.080002,126.199997,1523000
2017/8/16,126.5,126.800003,126.230003,126.43,1379800
2017/8/17,126.089996,126.290001,124.419998,124.419998,3440500
2017/8/18,124.480003,124.940002,123.949997,124.209999,2836500
2017/8/21,124.220001,124.480003,123.790001,124.389999,1627300
2017/8/22,124.730003,125.75,124.559998,125.639999,2089500
2017/8/23,125.07,125.510002,125.019997,125.260002,1268800
2017/8/24,125.5,125.629997,124.940002,125.059998,1381700
2017/8/25,125.419998,125.849998,125.239998,125.360001,1158200
2017/8/28,125.660004,125.660004,125.110001,125.410004,1787900
2017/8/29,124.589996,125.620003,124.519997,125.459999,1312300
2017/8/30,125.459999,126.279999,125.379997,126.120003,1730600
2017/8/31,126.459999,127.139999,126.459999,126.980003,3384400
2017/9/1,127.230003,127.459999,127.120003,127.269997,2122600
2017/9/5,126.919998,127.099998,125.690002,126.290001,2319000
2017/9/6,126.690002,126.860001,126.32,126.639999,1449900
2017/9/7,126.959999,126.959999,126.32,126.580002,1218600
2017/9/8,126.349998,126.739998,126.269997,126.489998,1206100
2017/9/11,127.150002,127.910004,127.150002,127.849998,1346500
2017/9/12,128.039993,128.339996,128,128.339996,2264200
2017/9/13,128.229996,128.410004,128.119995,128.399994,1692500
2017/9/14,128.229996,128.479996,128.070007,128.360001,1493200
2017/9/15,128.309998,128.619995,128.199997,128.600006,1531300
2017/9/18,128.850006,129.100006,128.690002,128.910004,1792300
2017/9/19,129.059998,129.100006,128.850006,128.970001,1241700
2017/9/20,129.100006,129.210007,128.600006,129.179993,1729200
2017/9/21,129.119995,129.130005,128.720001,128.820007,1730600
2017/9/22,128.139999,128.440002,127.989998,128.369995,1601600
2017/9/25,128.240005,128.429993,127.690002,128.160004,2186000
2017/9/26,128.350006,128.509995,128.110001,128.190002,1851500
2017/9/27,128.839996,129.100006,128.169998,128.889999,2374400
2017/9/28,128.820007,129.130005,128.660004,129.100006,1484800
2017/9/29,129.020004,129.559998,129.009995,129.520004,1720600
2017/10/2,129.639999,130.199997,129.550003,130.199997,2678000
2017/10/3,130.309998,130.5,130.130005,130.460007,1825100
2017/10/4,130.449997,130.779999,130.300003,130.589996,1495700
2017/10/5,130.729996,131.339996,130.720001,131.279999,2387200
2017/10/6,131.059998,131.229996,130.910004,131.190002,1635000
2017/10/9,131.300003,131.360001,130.759995,130.929993,1012100
2017/10/10,131.25,131.479996,130.940002,131.240005,2915300
2017/10/11,131.240005,131.429993,131.100006,131.419998,2012700
2017/10/12,131.160004,131.449997,131.119995,131.259995,2171200
2017/10/13,131.550003,131.589996,131.279999,131.360001,1543900
2017/10/16,131.5,131.649994,131.270004,131.449997,1789500
2017/10/17,131.5,131.570007,131.339996,131.509995,1340600
2017/10/18,131.800003,131.830002,131.570007,131.679993,1470900
2017/10/19,131.25,131.710007,130.940002,131.710007,1942600
2017/10/20,132.070007,132.449997,132.070007,132.419998,1751000
2017/10/23,132.630005,132.679993,131.789993,131.860001,1755700
2017/10/24,132.160004,132.229996,131.889999,132.089996,1574400
2017/10/25,131.910004,131.949997,130.690002,131.399994,2186500
2017/10/26,131.720001,132.009995,131.490005,131.570007,5396300
2017/10/27,131.940002,132.669998,131.759995,132.639999,2672600
2017/10/30,131.940002,132.539993,131.899994,132.059998,1688900
2017/10/31,132.270004,132.5,132.119995,132.330002,2378300
2017/11/1,132.830002,133.029999,132.169998,132.440002,2275500
2017/11/2,132.339996,132.529999,131.820007,132.470001,5097200
2017/11/3,132.539993,132.889999,132.279999,132.820007,2677400
2017/11/6,132.770004,133.169998,132.75,133.070007,2017700
2017/11/7,133.160004,133.330002,132.529999,132.839996,2527400
2017/11/8,132.729996,133.119995,132.550003,133.059998,1267700
2017/11/9,132.380005,132.740005,131.619995,132.520004,4320300
2017/11/10,132.240005,132.630005,132.169998,132.539993,2042100
2017/11/13,132.110001,132.75,132.080002,132.610001,1876000
2017/11/14,132.220001,132.419998,131.789993,132.369995,3776500
2017/11/15,131.789993,132.080002,131.210007,131.690002,1772400
2017/11/16,132.110001,133.100006,132.110001,132.889999,1730600
2017/11/17,132.639999,132.910004,132.610001,132.639999,4850200
2017/11/20,132.820007,133.050003,132.679993,132.979996,1805700
2017/11/21,133.440002,133.940002,133.419998,133.899994,1956900
2017/11/22,133.940002,134,133.690002,133.800003,1295600
2017/11/24,134.080002,134.130005,133.979996,134.110001,670500
2017/11/27,134.119995,134.289993,133.869995,133.970001,1754300
2017/11/28,134.25,135.360001,134.139999,135.300003,2922900
2017/11/29,135.460007,135.789993,135.020004,135.300003,2066300
2017/11/30,135.880005,136.919998,135.779999,136.339996,2854400
2017/12/1,136.279999,136.5,134.039993,136.070007,3585700
2017/12/4,137.039993,137.380005,135.880005,135.889999,3119400
2017/12/5,136.089996,136.330002,135.229996,135.309998,2583300
2017/12/6,135.339996,135.460007,135,135.229996,2835600
2017/12/7,135.139999,135.940002,135.080002,135.770004,1537600
2017/12/8,136.369995,136.520004,136.070007,136.479996,1502600
2017/12/11,136.5,136.830002,136.479996,136.800003,1934300
2017/12/12,136.979996,137.25,136.809998,136.949997,1517200
2017/12/13,137.029999,137.429993,136.910004,136.970001,1858800
2017/12/14,137.220001,137.240005,136.270004,136.330002,1856100
2017/12/15,136.949997,137.830002,136.869995,137.550003,2293000
2017/12/18,138.259995,138.679993,138.259995,138.5,2696300
2017/12/19,138.720001,138.720001,137.899994,137.940002,3642100
2017/12/20,138.5,138.550003,137.679993,137.929993,2522200
2017/12/21,137.619995,137.929993,137.389999,137.570007,2111200
2017/12/22,137.639999,137.860001,137.190002,137.520004,1926000
2017/12/26,137.339996,137.520004,137.289993,137.410004,2051300
2017/12/27,137.580002,137.720001,137.339996,137.460007,2242400
2017/12/28,137.789993,137.809998,137.509995,137.759995,2936500
2017/12/29,138.080002,138.100006,137.149994,137.25,2256500
2018/1/2,137.75,138.229996,137.440002,138.220001,3699700
2018/1/3,138.389999,139.100006,138.300003,139.020004,3052300
2018/1/4,139.419998,139.809998,139.350006,139.550003,2572400
2018/1/5,140.020004,140.440002,139.720001,140.369995,2188500
2018/1/8,140.309998,140.770004,140.100006,140.690002,2655300
2018/1/9,140.919998,141.309998,140.710007,140.949997,2625200
2018/1/10,140.570007,140.850006,140.070007,140.729996,2014900
2018/1/11,141,141.919998,140.970001,141.919998,2188000
2018/1/12,142.080002,142.850006,142,142.75,2661800
2018/1/16,143.529999,143.820007,141.710007,142.119995,3973400
2018/1/17,142.720001,143.639999,142.25,143.429993,2755400
2018/1/18,143.419998,143.580002,142.899994,143.179993,2705800
2018/1/19,143.490005,143.929993,143.190002,143.919998,2119000
2018/1/22,143.839996,145.059998,143.839996,145.059998,2849900
2018/1/23,145.100006,145.570007,144.919998,145.419998,2261300
2018/1/24,145.850006,146.110001,144.630005,145.279999,3409300
2018/1/25,145.839996,145.839996,144.869995,145.339996,4234600
2018/1/26,145.820007,146.869995,145.630005,146.860001,1995900
2018/1/29,146.580002,146.820007,145.820007,145.899994,2688200
2018/1/30,144.740005,145.149994,144.149994,144.380005,4898200
2018/1/31,144.940002,145.240005,143.789993,144.429993,4670200
2018/2/1,143.979996,145.020004,143.839996,144.369995,2924800
2018/2/2,143.509995,143.679993,141.240005,141.300003,5323600
2018/2/5,140.210007,141.399994,135.149994,135.740005,10357400
2018/2/6,133.259995,138.240005,132.5,137.960007,10791200
2018/2/7,137.830002,139.559998,137.350006,137.350006,6176300
2018/2/8,137.529999,137.800003,132.350006,132.410004,7683300
2018/2/9,133.899994,135.210007,129.839996,134.229996,9474000
2018/2/12,135.350006,136.850006,134.229996,136.020004,4251900
2018/2/13,135.339996,136.699997,135.009995,136.449997,2973000
2018/2/14,135.619995,138.550003,135.570007,138.360001,3076800
2018/2/15,139.330002,140.050003,137.949997,140.050003,2853000
2018/2/16,139.679993,141.229996,139.669998,140.110001,2813100
2018/2/20,139.559998,140.440002,138.820007,139.270004,2490000
2018/2/21,139.449997,140.960007,138.610001,138.619995,2182200
2018/2/22,139.190002,140.089996,138.380005,138.710007,2111700
2018/2/23,139.449997,140.860001,139.139999,140.860001,1439500
2018/2/26,141.5,142.410004,141.039993,142.339996,1765700
2018/2/27,142.410004,142.860001,140.550003,140.550003,2305100
2018/2/28,141.179993,141.399994,138.970001,139,2290500
2018/3/1,139.070007,139.880005,136.399994,137.350006,4846700
2018/3/2,136.279999,138.509995,135.830002,138.240005,3021300
2018/3/5,137.550003,140.149994,137.5,139.800003,2916600
2018/3/6,140.360001,140.610001,139.320007,140.309998,2788000
2018/3/7,139.050003,140.610001,138.970001,140.429993,2569100
2018/3/8,140.830002,141.029999,140.110001,140.960007,2307500
2018/3/9,141.789993,143.300003,141.550003,143.300003,2325100
2018/3/12,143.490005,143.850006,142.960007,143.220001,1999200
2018/3/13,143.860001,144.139999,142.009995,142.330002,2080500
2018/3/14,142.899994,142.990005,141.350006,141.610001,2103100
2018/3/15,141.960007,142.220001,141.110001,141.419998,1927900
2018/3/16,141.580002,142.190002,141.580002,141.660004,2641400
2018/3/19,141.160004,141.399994,138.860001,139.839996,3154300
2018/3/20,140,140.419998,139.660004,140.050003,1672000
2018/3/21,140.050003,141.240005,139.779999,139.929993,2106700
2018/3/22,138.149994,138.610001,135.850006,135.949997,3130600
2018/3/23,136.130005,136.440002,133.029999,133.100006,5697000
2018/3/26,135.089996,136.729996,133.759995,136.610001,3859500
2018/3/27,137.179993,137.309998,133.429993,134.190002,3309900
2018/3/28,134.360001,135.190002,133.229996,133.880005,4740000
2018/3/29,134.490005,136.589996,134.160004,135.720001,2346400
2018/4/2,135.289993,135.570007,131.259995,132.630005,5703700
2018/4/3,133.350006,134.539993,132.350006,134.279999,3737200
2018/4/4,132.190002,136.100006,132.100006,135.789993,2928000
2018/4/5,136.649994,137.229996,136.110001,136.740005,2683600
2018/4/6,135.729996,136.539993,132.919998,133.869995,4942600
2018/4/9,134.720001,136.300003,134.160004,134.320007,2239400
2018/4/10,136,136.970001,135.460007,136.5,2153900
2018/4/11,135.669998,136.830002,135.399994,135.869995,2063800
2018/4/12,136.729996,137.529999,136.509995,136.970001,1858700
2018/4/13,137.720001,137.75,136.009995,136.580002,2192600
2018/4/16,137.539993,138.149994,136.970001,137.720001,2892600
2018/4/17,138.729996,139.529999,138.429993,139.169998,2219900
2018/4/18,139.539993,139.850006,139.089996,139.360001,1554400
2018/4/19,138.979996,139.179993,138.020004,138.600006,4003900
2018/4/20,138.559998,138.669998,137.029999,137.5,1669600
2018/4/23,137.779999,138.160004,136.809998,137.449997,2033700
2018/4/24,138.100006,138.190002,134.860001,135.800003,3053500
2018/4/25,135.770004,136.25,134.610001,135.949997,2275400
2018/4/26,136.520004,137.679993,136.25,137.240005,1284600
2018/4/27,137.539993,137.740005,136.800003,137.330002,1133600
2018/4/30,137.690002,137.990005,136.25,136.330002,2277100
2018/5/1,136.039993,136.600006,135.119995,136.539993,1762700
2018/5/2,136.460007,136.970001,135.539993,135.75,1661600
2018/5/3,135.190002,135.800003,133.660004,135.380005,2638000
2018/5/4,134.970001,137.559998,134.639999,137.130005,2379400
2018/5/7,137.649994,138.309998,137.380005,137.729996,1448000
2018/5/8,137.589996,138.009995,136.979996,137.779999,1357400
2018/5/9,138.199997,139.270004,137.899994,139.080002,1451700
2018/5/10,139.509995,140.539993,139.440002,140.289993,1810100
2018/5/11,140.410004,140.869995,140.050003,140.570007,1199100
2018/5/14,140.940002,141.300003,140.389999,140.639999,1396900
2018/5/15,139.949997,140.110001,139.339996,139.789993,2279700
2018/5/16,139.850006,140.759995,139.850006,140.470001,1345900
2018/5/17,140.380005,141.039993,140.020004,140.509995,1658500
2018/5/18,140.360001,140.509995,139.970001,140.199997,910200
2018/5/21,141.059998,141.529999,140.839996,141.25,1299600
2018/5/22,141.559998,141.660004,140.589996,140.729996,1213000
2018/5/23,140.089996,141.100006,140,141.100006,1431600
2018/5/24,140.929993,141.059998,139.860001,140.869995,1404300
2018/5/25,140.600006,140.910004,140.279999,140.600006,1264500
2018/5/29,139.800003,140.160004,138.539993,139.210007,2594200
2018/5/30,139.970001,141.309998,139.910004,141.009995,1587000
2018/5/31,140.880005,140.949997,139.809998,140.039993,1700900
2018/6/1,140.929993,141.649994,140.759995,141.5,1856800
2018/6/4,141.899994,142.259995,141.729996,142.160004,1592000
2018/6/5,142.259995,142.520004,141.830002,142.369995,2952100
2018/6/6,142.75,143.630005,142.380005,143.630005,3011000
2018/6/7,143.809998,144,142.899994,143.419998,1663400
2018/6/8,143.270004,143.940002,143.119995,143.910004,1084200
2018/6/11,144,144.470001,143.970001,144.119995,1664500
2018/6/12,144.399994,144.610001,144,144.419998,1582300
2018/6/13,144.539993,144.660004,143.800003,143.880005,1402000
2018/6/14,144.399994,144.570007,143.889999,144.289993,1809800
2018/6/15,143.850006,144.330002,143.229996,144.149994,3328300
2018/6/18,143.300003,144.059998,143.029999,143.990005,1603500
2018/6/19,142.75,143.619995,142.399994,143.509995,1962500
2018/6/20,143.949997,144.190002,143.589996,143.839996,1468400
2018/6/21,143.830002,143.850006,142.559998,142.850006,1881300
2018/6/22,143,143.080002,142.369995,142.449997,1226300
2018/6/25,141.850006,141.990005,139.539993,140.449997,4347700
2018/6/26,140.699997,141.25,140.300003,140.770004,2085300
2018/6/27,141.199997,141.889999,139.449997,139.460007,2958800
2018/6/28,139.429993,140.690002,138.990005,140.330002,2490500
2018/6/29,140.899994,141.660004,140.389999,140.429993,1834000
2018/7/2,139.559998,140.880005,139.429993,140.770004,2825900
2018/7/3,141.360001,141.470001,140.220001,140.410004,1325900
2018/7/5,141.130005,141.619995,140.449997,141.600006,2796400
2018/7/6,141.660004,143,141.440002,142.789993,1756400
2018/7/9,143.460007,144.110001,143.139999,144.089996,2153000
2018/7/10,144.389999,144.610001,144.029999,144.460007,1437000
2018/7/11,143.619995,144.100006,143.100006,143.429993,2042300
2018/7/12,144.179993,144.660004,143.720001,144.610001,1440600
2018/7/13,144.529999,144.979996,144.259995,144.699997,1964700
2018/7/16,144.770004,144.839996,144.220001,144.470001,1571100
2018/7/17,144.020004,145.330002,144.009995,145.130005,1767100
2018/7/18,145.130005,145.5,144.850006,145.449997,1327700
2018/7/19,145.070007,145.419998,144.600006,145.100006,2034200
2018/7/20,145,145.240005,144.559998,144.839996,1507800
2018/7/23,144.789993,145.160004,144.470001,145.070007,1444500
2018/7/24,145.770004,146.089996,144.899994,145.389999,2340000
2018/7/25,145.300003,146.669998,145.009995,146.630005,2125700
2018/7/26,146.229996,146.740005,146,146.389999,2084600
2018/7/27,146.600006,146.639999,144.630005,145.220001,2535000
2018/7/30,145.220001,145.339996,144.059998,144.270004,5379700
2018/7/31,144.820007,145.509995,144.539993,145.089996,2003800
2018/8/1,145.190002,145.529999,144.490005,144.919998,1524100
2018/8/2,144.169998,145.910004,144.080002,145.779999,1508400
2018/8/3,145.889999,146.289993,145.759995,146.270004,1977100
2018/8/6,146.309998,147.059998,146.089996,146.929993,1802000
2018/8/7,146.309998,147.619995,146.309998,147.410004,2532500
2018/8/8,147.330002,147.529999,146.979996,147.270004,1270600
2018/8/9,147.369995,147.679993,147.070007,147.169998,1233000
2018/8/10,146.350006,146.759995,145.940002,146.25,1854000
2018/8/13,146.399994,146.75,145.460007,145.690002,1898200
2018/8/14,146.110001,146.779999,145.919998,146.649994,1784200
2018/8/15,145.869995,146.029999,144.639999,145.490005,2684700
2018/8/16,146.279999,147.149994,146.259995,146.630005,1347500
2018/8/17,146.449997,147.389999,146.300003,147.169998,2188300
2018/8/20,147.449997,147.690002,147.160004,147.449997,5759800
2018/8/21,147.779999,148.509995,147.779999,148,2090900
2018/8/22,147.789993,148.289993,147.710007,148.050003,1169600
2018/8/23,147.899994,148.369995,147.580002,147.759995,1351100
2018/8/24,148.149994,148.759995,148.100006,148.679993,1712700
2018/8/27,149.320007,149.869995,149.100006,149.75,2126000
2018/8/28,150.100006,150.199997,149.529999,149.839996,3015300
2018/8/29,149.960007,150.770004,149.820007,150.630005,2688600
2018/8/30,150.309998,150.600006,149.669998,150.009995,2150400
2018/8/31,149.809998,150.279999,149.589996,150.070007,2537500
2018/9/4,149.889999,150.100006,149.220001,149.860001,2342700
2018/9/5,149.660004,149.690002,148.710007,149.369995,2772000
2018/9/6,149.460007,149.690002,148.360001,148.919998,2592200
2018/9/7,148.369995,149.169998,148.130005,148.580002,2334400
2018/9/10,149.199997,149.330002,148.789993,148.899994,2156000
2018/9/11,148.550003,149.619995,148.330002,149.399994,2575100
2018/9/12,149.309998,149.639999,148.789993,149.410004,2181100
2018/9/13,149.970001,150.330002,149.75,150.160004,1905900
2018/9/14,150.279999,150.479996,149.789993,150.279999,1363900
2018/9/17,150.240005,150.279999,149.190002,149.330002,1661600
2018/9/18,149.429993,150.440002,149.399994,150.130005,1665400
2018/9/19,150.119995,150.479996,150.009995,150.149994,1809800
2018/9/20,150.830002,151.470001,150.520004,151.309998,1713900
2018/9/21,151.820007,151.839996,151.050003,151.160004,1986100
2018/9/24,150.869995,150.929993,150.270004,150.610001,1668600
2018/9/25,150.889999,151.070007,150.419998,150.529999,2318900
2018/9/26,150.610001,151.289993,149.789993,149.949997,4903500
2018/9/27,150.240005,150.949997,150.080002,150.300003,1808300
2018/9/28,149.279999,149.990005,149.229996,149.649994,1797000
2018/10/1,150.419998,150.770004,149.520004,149.880005,2718800
2018/10/2,149.860001,150.100006,149.429993,149.660004,2159200
2018/10/3,150.259995,150.490005,149.649994,149.860001,2563900
2018/10/4,149.580002,149.610001,147.710007,148.589996,3220800
2018/10/5,148.619995,148.949997,146.729996,147.630005,3197900
2018/10/8,147.279999,147.759995,146.360001,147.520004,2515600
2018/10/9,147.25,148.020004,147.020004,147.259995,3690600
2018/10/10,146.929993,146.949997,142.410004,142.570007,6890300
2018/10/11,142.020004,142.970001,138.75,139.529999,11707900
2018/10/12,142,142.320007,139.490005,141.369995,7981200
2018/10/15,141.160004,141.979996,140.5,140.740005,3386400
2018/10/16,141.75,144.059998,141.360001,143.839996,3990400
2018/10/17,143.910004,144.149994,142.330002,143.800003,3148300
2018/10/18,143.309998,143.610001,141,141.720001,3783800
2018/10/19,142.139999,143.070007,141.009995,141.350006,2997700
2018/10/22,141.729996,141.940002,140.419998,140.789993,3220600
2018/10/23,138.690002,140.669998,137.460007,139.960007,4981600
2018/10/24,139.889999,140.089996,135.399994,135.610001,6013700
2018/10/25,136.630005,138.960007,136.169998,138.160004,4886000
2018/10/26,136.119995,137.529999,134.169998,135.770004,6623500
2018/10/29,137.509995,138.330002,133.070007,135.020004,5167200
2018/10/30,134.960007,137.289993,134.610001,137.130005,3675500
2018/10/31,138.600006,139.839996,138.369995,138.559998,4034500
2018/11/1,139.039993,140.369995,138.520004,140.130005,3713900
2018/11/2,140.929993,141.199997,138.389999,139.559998,3171400
2018/11/5,139.800003,140.520004,139.190002,140.240005,3140200
2018/11/6,140.190002,141.110001,140.169998,141.039993,2029700
2018/11/7,142.300003,144,141.970001,143.919998,2781200
2018/11/8,143.550003,144.059998,142.979996,143.639999,1874800
2018/11/9,142.910004,142.960007,141.289993,142.169998,2226900
2018/11/12,141.789993,141.970001,139.179993,139.440002,3530700
2018/11/13,139.770004,140.919998,138.820007,139.240005,2290500
2018/11/14,140.339996,140.570007,137.380005,138.220001,2766000
2018/11/15,137.550003,140.009995,136.699997,139.779999,3600900
2018/11/16,139.070007,140.570007,138.820007,140.080002,2272300
2018/11/19,139.830002,139.929993,137.169998,137.649994,3481800
2018/11/20,135.729996,136.619995,134.639999,135.199997,4627200
2018/11/21,136,136.889999,135.75,135.860001,4151300
2018/11/23,134.919998,135.919998,134.729996,135.130005,1300000
